[
  {
    "term": "Competence",
    "description": "Competence is the feeling that one’s actions are perceived as capable and effective instead of thinking that one is incapable and incompetent (HASSENZAHL & DIEFENBACH, 2012, P. 1)."
  },
  {
    "term": "Relatedness",
    "description": "Relatedness is the feeling of having intimate and personal relationships with the people in the environment, rather than feeling lonely or unnoticed (HASSENZAHL & DIEFENBACH, 2012, P. 1)."
  },
  {
    "term": "Popularity",
    "description": "Popularity is the feeling of being respected and influencing others, rather than feeling like a person whose advice and opinion are ignored (HASSENZAHL & DIEFENBACH, 2012, P. 1)."
  },
  {
    "term": "Stimulation",
    "description": "Stimulation is the feeling of experiencing much of joy and pleasure instead of feeling bored and understimulated (HASSENZAHL & DIEFENBACH, 2012, P. 1)."
  },
  {
    "term": "Security",
    "description": "As discussed in Chapter 2.1, the social aspect is an important factor in motivating people to participate in various activities. Thus, it is also an important factor for participation in sports. Since this thesis addresses the question of how online sports community apps should be designed to increase the user’s participation in team sports, the focus during the design phase is laid especially on relatedness."
  }
]